Article Class,Article Titles,List of Article Author Names
Review Article,Critical shoulder angle: what do radiologists need to know?,Amélie LoriaudSylvain BiseLionel Pesquer
Review Article,Pediatric ankle injuries: utilizing the Dias-Tachdjian classification,Christy B. PomeranzRoger J. Bartolotta
Scientific Article,Ultra-low-dose CT for extremities in an acute setting: initial experience with 203 subjects,Zlatan AlagicRobert BujilaSeppo K. Koskinen
Scientific Article,"Advanced MR imaging of bone marrow: quantification of signal alterations on T1-weighted Dixon and T2-weighted Dixon sequences in red marrow, yellow marrow, and pathologic marrow lesions",Chayanit SasipongananKevin YanAvneesh Chhabra
Scientific Article,Organ dose and total effective dose of whole-body CT in multiple myeloma patients,Robert HemkeKai YangF. Joseph Simeone
Scientific Article,Value of response to anesthetic injection during hip MR arthrography to differentiate between intra- and extra-articular pathology,Arvin B. KheterpalKatherine M. BunnellMiriam A. Bredella
Scientific Article,Correlating clinical assessment and MRI findings in diagnosing calf injuries in elite male Australian rules footballers,James H. BrennanChristopher BellAndrew H. Rotstein
Scientific Article,Lumbar facet joint subchondral bone density in low back pain and asymptomatic subjects,Chien-Chou PanPeter SimonNozomu Inoue
Scientific Article,With or without? A retrospective analysis of intravenous contrast utility in magnetic resonance neurography,Alan D. HarrellDaniel JohnsonSwati Deshmukh
Scientific Article,Ultrasound-guided versus palpation-guided corticosteroid injections for tendinosis of the long head of the biceps: A randomized comparative study,Christos K. YiannakopoulosPanayiotis D. MegaloikonomosJohn Gliatis
Scientific Article,"Osteochondral lesions of the lateral trochlear ridge: a rare, subtle but important finding on advanced imaging in patients with elbow pain",Mark S. CollinsChristin A. Tiegs-Heiden
Scientific Article,Reporting Discrepancy Resolved by Findings and Time in 2947 Emergency Department Ankle X-rays,Thomas James YorkP. J. JenkinsA. J. Ireland
Scientific Article,The exploration of feature extraction and machine learning for predicting bone density from simple spine X-ray images in a Korean population,Sangwoo LeeEun Kyung ChoeHua Sun Kim
Scientific Article,CT-guided discitis-osteomyelitis biopsies with negative microbiology: how many days should we wait before repeating the biopsy?,Kaitlyn J. YehJad S. HusseiniConnie Y. Chang
Scientific Article,A comparison of saline and gadolinium shoulder MR arthrography to arthroscopy,Adam D. SingerJeffrey RosenthalEric Wagner
Technical Report,Brown adipose tissue and cancer progression,Katrina ChuStijn A. BosMiriam A. Bredella
Test Yourself: Question,Multiple bilateral forearm nodules,Robert W. MorrisYoussef Al HmadaChris D. Reed
Case Report,Intraligamentous synovial chondromatosis of the anterior cruciate ligament,Aria AshirWei-Xian LiEric Y. Chang
Case Report,Bone oxaloma—a localized manifestation of bone oxalosis,Eun Ji ChoiChoong Guen CheeHye Won Chung
Test Yourself: Answer,Multiple bilateral forearm nodules,Robert W. MorrisYoussef Al HmadaChris D. Reed
Browser's Notes,A case series of successful repair of articular cartilage fragments in the knee,
